ID,LON,LAT,vs30,z1p0,z2p5,vs30source,vs30_ref,z1p0_ref,z2p5_ref
1,-118.5,34.28,351.9,0.35,3.75,Inferred,CGS/Wills VS30 Map (2015),SCEC Community Velocity Model ,SCEC Community Velocity Model 
2,-118.5,34.28,351.9,0.35,3.75,Inferred,CGS/Wills VS30 Map (2015),SCEC Community Velocity Model ,SCEC Community Velocity Model 
3,-118.5,34.28,351.9,0.35,3.75,Inferred,CGS/Wills VS30 Map (2015),SCEC Community Velocity Model ,SCEC Community Velocity Model 
4,-118.5,34.28,351.9,0.35,3.75,Inferred,CGS/Wills VS30 Map (2015),SCEC Community Velocity Model ,SCEC Community Velocity Model 
5,-118.5,34.28,351.9,0.35,3.75,Inferred,CGS/Wills VS30 Map (2015),SCEC Community Velocity Model ,SCEC Community Velocity Model 
6,-118.5,34.28,351.9,0.35,3.75,Inferred,CGS/Wills VS30 Map (2015),SCEC Community Velocity Model ,SCEC Community Velocity Model 
7,-118.5,34.28,351.9,0.35,3.75,Inferred,CGS/Wills VS30 Map (2015),SCEC Community Velocity Model ,SCEC Community Velocity Model 
8,-118.5,34.28,351.9,0.35,3.75,Inferred,CGS/Wills VS30 Map (2015),SCEC Community Velocity Model ,SCEC Community Velocity Model 
9,-118.5,34.28,351.9,0.35,3.75,Inferred,CGS/Wills VS30 Map (2015),SCEC Community Velocity Model ,SCEC Community Velocity Model 
10,-118.5,34.28,351.9,0.35,3.75,Inferred,CGS/Wills VS30 Map (2015),SCEC Community Velocity Model ,SCEC Community Velocity Model 
11,-118.5,34.28,351.9,0.35,3.75,Inferred,CGS/Wills VS30 Map (2015),SCEC Community Velocity Model ,SCEC Community Velocity Model 
12,-118.5,34.28,351.9,0.35,3.75,Inferred,CGS/Wills VS30 Map (2015),SCEC Community Velocity Model ,SCEC Community Velocity Model 
13,-118.5,34.28,351.9,0.35,3.75,Inferred,CGS/Wills VS30 Map (2015),SCEC Community Velocity Model ,SCEC Community Velocity Model 
14,-118.5,34.28,351.9,0.35,3.75,Inferred,CGS/Wills VS30 Map (2015),SCEC Community Velocity Model ,SCEC Community Velocity Model 
15,-118.5,34.28,351.9,0.35,3.75,Inferred,CGS/Wills VS30 Map (2015),SCEC Community Velocity Model ,SCEC Community Velocity Model 
16,-118.5,34.28,351.9,0.35,3.75,Inferred,CGS/Wills VS30 Map (2015),SCEC Community Velocity Model ,SCEC Community Velocity Model 
17,-118.5,34.28,351.9,0.35,3.75,Inferred,CGS/Wills VS30 Map (2015),SCEC Community Velocity Model ,SCEC Community Velocity Model 
18,-118.5,34.28,351.9,0.35,3.75,Inferred,CGS/Wills VS30 Map (2015),SCEC Community Velocity Model ,SCEC Community Velocity Model 
19,-118.5,34.28,351.9,0.35,3.75,Inferred,CGS/Wills VS30 Map (2015),SCEC Community Velocity Model ,SCEC Community Velocity Model 
20,-118.5,34.28,351.9,0.35,3.75,Inferred,CGS/Wills VS30 Map (2015),SCEC Community Velocity Model ,SCEC Community Velocity Model 
21,-118.5,34.28,351.9,0.35,3.75,Inferred,CGS/Wills VS30 Map (2015),SCEC Community Velocity Model ,SCEC Community Velocity Model 
22,-118.5,34.28,351.9,0.35,3.75,Inferred,CGS/Wills VS30 Map (2015),SCEC Community Velocity Model ,SCEC Community Velocity Model 
23,-118.5,34.28,351.9,0.35,3.75,Inferred,CGS/Wills VS30 Map (2015),SCEC Community Velocity Model ,SCEC Community Velocity Model 
24,-118.5,34.28,351.9,0.35,3.75,Inferred,CGS/Wills VS30 Map (2015),SCEC Community Velocity Model ,SCEC Community Velocity Model 
25,-118.5,34.28,351.9,0.35,3.75,Inferred,CGS/Wills VS30 Map (2015),SCEC Community Velocity Model ,SCEC Community Velocity Model 
26,-118.5,34.28,351.9,0.35,3.75,Inferred,CGS/Wills VS30 Map (2015),SCEC Community Velocity Model ,SCEC Community Velocity Model 
27,-118.5,34.28,351.9,0.35,3.75,Inferred,CGS/Wills VS30 Map (2015),SCEC Community Velocity Model ,SCEC Community Velocity Model 
28,-118.5,34.28,351.9,0.35,3.75,Inferred,CGS/Wills VS30 Map (2015),SCEC Community Velocity Model ,SCEC Community Velocity Model 
29,-118.5,34.28,351.9,0.35,3.75,Inferred,CGS/Wills VS30 Map (2015),SCEC Community Velocity Model ,SCEC Community Velocity Model 
30,-118.5,34.28,351.9,0.35,3.75,Inferred,CGS/Wills VS30 Map (2015),SCEC Community Velocity Model ,SCEC Community Velocity Model 
31,-118.5,34.28,351.9,0.35,3.75,Inferred,CGS/Wills VS30 Map (2015),SCEC Community Velocity Model ,SCEC Community Velocity Model 
32,-118.5,34.28,351.9,0.35,3.75,Inferred,CGS/Wills VS30 Map (2015),SCEC Community Velocity Model ,SCEC Community Velocity Model 
33,-118.5,34.28,351.9,0.35,3.75,Inferred,CGS/Wills VS30 Map (2015),SCEC Community Velocity Model ,SCEC Community Velocity Model 
34,-118.5,34.28,351.9,0.35,3.75,Inferred,CGS/Wills VS30 Map (2015),SCEC Community Velocity Model ,SCEC Community Velocity Model 
35,-118.5,34.28,351.9,0.35,3.75,Inferred,CGS/Wills VS30 Map (2015),SCEC Community Velocity Model ,SCEC Community Velocity Model 
36,-118.5,34.28,351.9,0.35,3.75,Inferred,CGS/Wills VS30 Map (2015),SCEC Community Velocity Model ,SCEC Community Velocity Model 
37,-118.5,34.28,351.9,0.35,3.75,Inferred,CGS/Wills VS30 Map (2015),SCEC Community Velocity Model ,SCEC Community Velocity Model 
38,-118.5,34.28,351.9,0.35,3.75,Inferred,CGS/Wills VS30 Map (2015),SCEC Community Velocity Model ,SCEC Community Velocity Model 
39,-118.5,34.28,351.9,0.35,3.75,Inferred,CGS/Wills VS30 Map (2015),SCEC Community Velocity Model ,SCEC Community Velocity Model 
40,-118.5,34.28,351.9,0.35,3.75,Inferred,CGS/Wills VS30 Map (2015),SCEC Community Velocity Model ,SCEC Community Velocity Model 
41,-118.5,34.28,351.9,0.35,3.75,Inferred,CGS/Wills VS30 Map (2015),SCEC Community Velocity Model ,SCEC Community Velocity Model 
42,-118.5,34.28,351.9,0.35,3.75,Inferred,CGS/Wills VS30 Map (2015),SCEC Community Velocity Model ,SCEC Community Velocity Model 
43,-118.5,34.28,351.9,0.35,3.75,Inferred,CGS/Wills VS30 Map (2015),SCEC Community Velocity Model ,SCEC Community Velocity Model 
44,-118.5,34.28,351.9,0.35,3.75,Inferred,CGS/Wills VS30 Map (2015),SCEC Community Velocity Model ,SCEC Community Velocity Model 
45,-118.5,34.28,351.9,0.35,3.75,Inferred,CGS/Wills VS30 Map (2015),SCEC Community Velocity Model ,SCEC Community Velocity Model 
46,-118.5,34.28,351.9,0.35,3.75,Inferred,CGS/Wills VS30 Map (2015),SCEC Community Velocity Model ,SCEC Community Velocity Model 
47,-118.5,34.28,351.9,0.35,3.75,Inferred,CGS/Wills VS30 Map (2015),SCEC Community Velocity Model ,SCEC Community Velocity Model 
48,-118.5,34.28,351.9,0.35,3.75,Inferred,CGS/Wills VS30 Map (2015),SCEC Community Velocity Model ,SCEC Community Velocity Model 
49,-118.5,34.28,351.9,0.35,3.75,Inferred,CGS/Wills VS30 Map (2015),SCEC Community Velocity Model ,SCEC Community Velocity Model 
50,-118.5,34.28,351.9,0.35,3.75,Inferred,CGS/Wills VS30 Map (2015),SCEC Community Velocity Model ,SCEC Community Velocity Model 
51,-118.5,34.28,351.9,0.35,3.75,Inferred,CGS/Wills VS30 Map (2015),SCEC Community Velocity Model ,SCEC Community Velocity Model 
52,-118.5,34.28,351.9,0.35,3.75,Inferred,CGS/Wills VS30 Map (2015),SCEC Community Velocity Model ,SCEC Community Velocity Model 
53,-118.5,34.28,351.9,0.35,3.75,Inferred,CGS/Wills VS30 Map (2015),SCEC Community Velocity Model ,SCEC Community Velocity Model 
54,-118.5,34.28,351.9,0.35,3.75,Inferred,CGS/Wills VS30 Map (2015),SCEC Community Velocity Model ,SCEC Community Velocity Model 
55,-118.5,34.28,351.9,0.35,3.75,Inferred,CGS/Wills VS30 Map (2015),SCEC Community Velocity Model ,SCEC Community Velocity Model 
56,-118.5,34.28,351.9,0.35,3.75,Inferred,CGS/Wills VS30 Map (2015),SCEC Community Velocity Model ,SCEC Community Velocity Model 
57,-118.5,34.28,351.9,0.35,3.75,Inferred,CGS/Wills VS30 Map (2015),SCEC Community Velocity Model ,SCEC Community Velocity Model 
58,-118.5,34.28,351.9,0.35,3.75,Inferred,CGS/Wills VS30 Map (2015),SCEC Community Velocity Model ,SCEC Community Velocity Model 
59,-118.5,34.28,351.9,0.35,3.75,Inferred,CGS/Wills VS30 Map (2015),SCEC Community Velocity Model ,SCEC Community Velocity Model 
60,-118.5,34.28,351.9,0.35,3.75,Inferred,CGS/Wills VS30 Map (2015),SCEC Community Velocity Model ,SCEC Community Velocity Model 
61,-118.5,34.28,351.9,0.35,3.75,Inferred,CGS/Wills VS30 Map (2015),SCEC Community Velocity Model ,SCEC Community Velocity Model 
62,-118.5,34.28,351.9,0.35,3.75,Inferred,CGS/Wills VS30 Map (2015),SCEC Community Velocity Model ,SCEC Community Velocity Model 
63,-118.5,34.28,351.9,0.35,3.75,Inferred,CGS/Wills VS30 Map (2015),SCEC Community Velocity Model ,SCEC Community Velocity Model 
64,-118.5,34.28,351.9,0.35,3.75,Inferred,CGS/Wills VS30 Map (2015),SCEC Community Velocity Model ,SCEC Community Velocity Model 
65,-118.5,34.28,351.9,0.35,3.75,Inferred,CGS/Wills VS30 Map (2015),SCEC Community Velocity Model ,SCEC Community Velocity Model 
66,-118.5,34.28,351.9,0.35,3.75,Inferred,CGS/Wills VS30 Map (2015),SCEC Community Velocity Model ,SCEC Community Velocity Model 
67,-118.5,34.28,351.9,0.35,3.75,Inferred,CGS/Wills VS30 Map (2015),SCEC Community Velocity Model ,SCEC Community Velocity Model 
68,-118.5,34.28,351.9,0.35,3.75,Inferred,CGS/Wills VS30 Map (2015),SCEC Community Velocity Model ,SCEC Community Velocity Model 
69,-118.5,34.28,351.9,0.35,3.75,Inferred,CGS/Wills VS30 Map (2015),SCEC Community Velocity Model ,SCEC Community Velocity Model 
70,-118.5,34.28,351.9,0.35,3.75,Inferred,CGS/Wills VS30 Map (2015),SCEC Community Velocity Model ,SCEC Community Velocity Model 
71,-118.5,34.28,351.9,0.35,3.75,Inferred,CGS/Wills VS30 Map (2015),SCEC Community Velocity Model ,SCEC Community Velocity Model 
72,-118.5,34.28,351.9,0.35,3.75,Inferred,CGS/Wills VS30 Map (2015),SCEC Community Velocity Model ,SCEC Community Velocity Model 
73,-118.5,34.28,351.9,0.35,3.75,Inferred,CGS/Wills VS30 Map (2015),SCEC Community Velocity Model ,SCEC Community Velocity Model 
74,-118.5,34.28,351.9,0.35,3.75,Inferred,CGS/Wills VS30 Map (2015),SCEC Community Velocity Model ,SCEC Community Velocity Model 
75,-118.5,34.28,351.9,0.35,3.75,Inferred,CGS/Wills VS30 Map (2015),SCEC Community Velocity Model ,SCEC Community Velocity Model 
76,-118.5,34.28,351.9,0.35,3.75,Inferred,CGS/Wills VS30 Map (2015),SCEC Community Velocity Model ,SCEC Community Velocity Model 
77,-118.5,34.28,351.9,0.35,3.75,Inferred,CGS/Wills VS30 Map (2015),SCEC Community Velocity Model ,SCEC Community Velocity Model 
78,-118.5,34.28,351.9,0.35,3.75,Inferred,CGS/Wills VS30 Map (2015),SCEC Community Velocity Model ,SCEC Community Velocity Model 
79,-118.5,34.28,351.9,0.35,3.75,Inferred,CGS/Wills VS30 Map (2015),SCEC Community Velocity Model ,SCEC Community Velocity Model 
80,-118.5,34.28,351.9,0.35,3.75,Inferred,CGS/Wills VS30 Map (2015),SCEC Community Velocity Model ,SCEC Community Velocity Model 
81,-118.5,34.28,351.9,0.35,3.75,Inferred,CGS/Wills VS30 Map (2015),SCEC Community Velocity Model ,SCEC Community Velocity Model 
82,-118.5,34.28,351.9,0.35,3.75,Inferred,CGS/Wills VS30 Map (2015),SCEC Community Velocity Model ,SCEC Community Velocity Model 
83,-118.5,34.28,351.9,0.35,3.75,Inferred,CGS/Wills VS30 Map (2015),SCEC Community Velocity Model ,SCEC Community Velocity Model 
84,-118.5,34.28,351.9,0.35,3.75,Inferred,CGS/Wills VS30 Map (2015),SCEC Community Velocity Model ,SCEC Community Velocity Model 
85,-118.5,34.28,351.9,0.35,3.75,Inferred,CGS/Wills VS30 Map (2015),SCEC Community Velocity Model ,SCEC Community Velocity Model 
86,-118.5,34.28,351.9,0.35,3.75,Inferred,CGS/Wills VS30 Map (2015),SCEC Community Velocity Model ,SCEC Community Velocity Model 
87,-118.5,34.28,351.9,0.35,3.75,Inferred,CGS/Wills VS30 Map (2015),SCEC Community Velocity Model ,SCEC Community Velocity Model 
88,-118.5,34.28,351.9,0.35,3.75,Inferred,CGS/Wills VS30 Map (2015),SCEC Community Velocity Model ,SCEC Community Velocity Model 
89,-118.5,34.28,351.9,0.35,3.75,Inferred,CGS/Wills VS30 Map (2015),SCEC Community Velocity Model ,SCEC Community Velocity Model 
90,-118.5,34.28,351.9,0.35,3.75,Inferred,CGS/Wills VS30 Map (2015),SCEC Community Velocity Model ,SCEC Community Velocity Model 
91,-118.5,34.28,351.9,0.35,3.75,Inferred,CGS/Wills VS30 Map (2015),SCEC Community Velocity Model ,SCEC Community Velocity Model 
92,-118.5,34.28,351.9,0.35,3.75,Inferred,CGS/Wills VS30 Map (2015),SCEC Community Velocity Model ,SCEC Community Velocity Model 
93,-118.5,34.28,351.9,0.35,3.75,Inferred,CGS/Wills VS30 Map (2015),SCEC Community Velocity Model ,SCEC Community Velocity Model 
94,-118.5,34.28,351.9,0.35,3.75,Inferred,CGS/Wills VS30 Map (2015),SCEC Community Velocity Model ,SCEC Community Velocity Model 
95,-118.5,34.28,351.9,0.35,3.75,Inferred,CGS/Wills VS30 Map (2015),SCEC Community Velocity Model ,SCEC Community Velocity Model 
96,-118.5,34.28,351.9,0.35,3.75,Inferred,CGS/Wills VS30 Map (2015),SCEC Community Velocity Model ,SCEC Community Velocity Model 
97,-118.5,34.28,351.9,0.35,3.75,Inferred,CGS/Wills VS30 Map (2015),SCEC Community Velocity Model ,SCEC Community Velocity Model 
98,-118.5,34.28,351.9,0.35,3.75,Inferred,CGS/Wills VS30 Map (2015),SCEC Community Velocity Model ,SCEC Community Velocity Model 
99,-118.5,34.28,351.9,0.35,3.75,Inferred,CGS/Wills VS30 Map (2015),SCEC Community Velocity Model ,SCEC Community Velocity Model 
100,-118.5,34.28,351.9,0.35,3.75,Inferred,CGS/Wills VS30 Map (2015),SCEC Community Velocity Model ,SCEC Community Velocity Model 
101,-118.5,34.28,351.9,0.35,3.75,Inferred,CGS/Wills VS30 Map (2015),SCEC Community Velocity Model ,SCEC Community Velocity Model 
102,-118.5,34.28,351.9,0.35,3.75,Inferred,CGS/Wills VS30 Map (2015),SCEC Community Velocity Model ,SCEC Community Velocity Model 
103,-118.5,34.28,351.9,0.35,3.75,Inferred,CGS/Wills VS30 Map (2015),SCEC Community Velocity Model ,SCEC Community Velocity Model 
104,-118.5,34.28,351.9,0.35,3.75,Inferred,CGS/Wills VS30 Map (2015),SCEC Community Velocity Model ,SCEC Community Velocity Model 
105,-118.5,34.28,351.9,0.35,3.75,Inferred,CGS/Wills VS30 Map (2015),SCEC Community Velocity Model ,SCEC Community Velocity Model 
106,-118.5,34.28,351.9,0.35,3.75,Inferred,CGS/Wills VS30 Map (2015),SCEC Community Velocity Model ,SCEC Community Velocity Model 
107,-118.5,34.28,351.9,0.35,3.75,Inferred,CGS/Wills VS30 Map (2015),SCEC Community Velocity Model ,SCEC Community Velocity Model 
108,-118.5,34.28,351.9,0.35,3.75,Inferred,CGS/Wills VS30 Map (2015),SCEC Community Velocity Model ,SCEC Community Velocity Model 
109,-118.5,34.28,351.9,0.35,3.75,Inferred,CGS/Wills VS30 Map (2015),SCEC Community Velocity Model ,SCEC Community Velocity Model 
110,-118.5,34.28,351.9,0.35,3.75,Inferred,CGS/Wills VS30 Map (2015),SCEC Community Velocity Model ,SCEC Community Velocity Model 
111,-118.5,34.28,351.9,0.35,3.75,Inferred,CGS/Wills VS30 Map (2015),SCEC Community Velocity Model ,SCEC Community Velocity Model 
112,-118.5,34.28,351.9,0.35,3.75,Inferred,CGS/Wills VS30 Map (2015),SCEC Community Velocity Model ,SCEC Community Velocity Model 
113,-118.5,34.28,351.9,0.35,3.75,Inferred,CGS/Wills VS30 Map (2015),SCEC Community Velocity Model ,SCEC Community Velocity Model 
114,-118.5,34.28,351.9,0.35,3.75,Inferred,CGS/Wills VS30 Map (2015),SCEC Community Velocity Model ,SCEC Community Velocity Model 
115,-118.5,34.28,351.9,0.35,3.75,Inferred,CGS/Wills VS30 Map (2015),SCEC Community Velocity Model ,SCEC Community Velocity Model 
116,-118.5,34.28,351.9,0.35,3.75,Inferred,CGS/Wills VS30 Map (2015),SCEC Community Velocity Model ,SCEC Community Velocity Model 
117,-118.5,34.28,351.9,0.35,3.75,Inferred,CGS/Wills VS30 Map (2015),SCEC Community Velocity Model ,SCEC Community Velocity Model 
118,-118.5,34.28,351.9,0.35,3.75,Inferred,CGS/Wills VS30 Map (2015),SCEC Community Velocity Model ,SCEC Community Velocity Model 
119,-118.5,34.28,351.9,0.35,3.75,Inferred,CGS/Wills VS30 Map (2015),SCEC Community Velocity Model ,SCEC Community Velocity Model 
120,-118.5,34.28,351.9,0.35,3.75,Inferred,CGS/Wills VS30 Map (2015),SCEC Community Velocity Model ,SCEC Community Velocity Model 
121,-118.5,34.28,351.9,0.35,3.75,Inferred,CGS/Wills VS30 Map (2015),SCEC Community Velocity Model ,SCEC Community Velocity Model 
122,-118.5,34.28,351.9,0.35,3.75,Inferred,CGS/Wills VS30 Map (2015),SCEC Community Velocity Model ,SCEC Community Velocity Model 
123,-118.5,34.28,351.9,0.35,3.75,Inferred,CGS/Wills VS30 Map (2015),SCEC Community Velocity Model ,SCEC Community Velocity Model 
124,-118.5,34.28,351.9,0.35,3.75,Inferred,CGS/Wills VS30 Map (2015),SCEC Community Velocity Model ,SCEC Community Velocity Model 
125,-118.5,34.28,351.9,0.35,3.75,Inferred,CGS/Wills VS30 Map (2015),SCEC Community Velocity Model ,SCEC Community Velocity Model 
126,-118.5,34.28,351.9,0.35,3.75,Inferred,CGS/Wills VS30 Map (2015),SCEC Community Velocity Model ,SCEC Community Velocity Model 
127,-118.5,34.28,351.9,0.35,3.75,Inferred,CGS/Wills VS30 Map (2015),SCEC Community Velocity Model ,SCEC Community Velocity Model 
128,-118.5,34.28,351.9,0.35,3.75,Inferred,CGS/Wills VS30 Map (2015),SCEC Community Velocity Model ,SCEC Community Velocity Model 
129,-118.5,34.28,351.9,0.35,3.75,Inferred,CGS/Wills VS30 Map (2015),SCEC Community Velocity Model ,SCEC Community Velocity Model 
130,-118.5,34.28,351.9,0.35,3.75,Inferred,CGS/Wills VS30 Map (2015),SCEC Community Velocity Model ,SCEC Community Velocity Model 
131,-118.5,34.28,351.9,0.35,3.75,Inferred,CGS/Wills VS30 Map (2015),SCEC Community Velocity Model ,SCEC Community Velocity Model 
132,-118.5,34.28,351.9,0.35,3.75,Inferred,CGS/Wills VS30 Map (2015),SCEC Community Velocity Model ,SCEC Community Velocity Model 
133,-118.5,34.28,351.9,0.35,3.75,Inferred,CGS/Wills VS30 Map (2015),SCEC Community Velocity Model ,SCEC Community Velocity Model 
134,-118.5,34.28,351.9,0.35,3.75,Inferred,CGS/Wills VS30 Map (2015),SCEC Community Velocity Model ,SCEC Community Velocity Model 
135,-118.5,34.28,351.9,0.35,3.75,Inferred,CGS/Wills VS30 Map (2015),SCEC Community Velocity Model ,SCEC Community Velocity Model 
136,-118.5,34.28,351.9,0.35,3.75,Inferred,CGS/Wills VS30 Map (2015),SCEC Community Velocity Model ,SCEC Community Velocity Model 
137,-118.5,34.28,351.9,0.35,3.75,Inferred,CGS/Wills VS30 Map (2015),SCEC Community Velocity Model ,SCEC Community Velocity Model 
138,-118.5,34.28,351.9,0.35,3.75,Inferred,CGS/Wills VS30 Map (2015),SCEC Community Velocity Model ,SCEC Community Velocity Model 
139,-118.5,34.28,351.9,0.35,3.75,Inferred,CGS/Wills VS30 Map (2015),SCEC Community Velocity Model ,SCEC Community Velocity Model 
140,-118.5,34.28,351.9,0.35,3.75,Inferred,CGS/Wills VS30 Map (2015),SCEC Community Velocity Model ,SCEC Community Velocity Model 
141,-118.5,34.28,351.9,0.35,3.75,Inferred,CGS/Wills VS30 Map (2015),SCEC Community Velocity Model ,SCEC Community Velocity Model 
142,-118.5,34.28,351.9,0.35,3.75,Inferred,CGS/Wills VS30 Map (2015),SCEC Community Velocity Model ,SCEC Community Velocity Model 
143,-118.5,34.28,351.9,0.35,3.75,Inferred,CGS/Wills VS30 Map (2015),SCEC Community Velocity Model ,SCEC Community Velocity Model 
144,-118.5,34.28,351.9,0.35,3.75,Inferred,CGS/Wills VS30 Map (2015),SCEC Community Velocity Model ,SCEC Community Velocity Model 
145,-118.5,34.28,351.9,0.35,3.75,Inferred,CGS/Wills VS30 Map (2015),SCEC Community Velocity Model ,SCEC Community Velocity Model 
146,-118.5,34.28,351.9,0.35,3.75,Inferred,CGS/Wills VS30 Map (2015),SCEC Community Velocity Model ,SCEC Community Velocity Model 
147,-118.5,34.28,351.9,0.35,3.75,Inferred,CGS/Wills VS30 Map (2015),SCEC Community Velocity Model ,SCEC Community Velocity Model 
148,-118.5,34.28,351.9,0.35,3.75,Inferred,CGS/Wills VS30 Map (2015),SCEC Community Velocity Model ,SCEC Community Velocity Model 
149,-118.5,34.28,351.9,0.35,3.75,Inferred,CGS/Wills VS30 Map (2015),SCEC Community Velocity Model ,SCEC Community Velocity Model 
150,-118.5,34.28,351.9,0.35,3.75,Inferred,CGS/Wills VS30 Map (2015),SCEC Community Velocity Model ,SCEC Community Velocity Model 
151,-118.5,34.28,351.9,0.35,3.75,Inferred,CGS/Wills VS30 Map (2015),SCEC Community Velocity Model ,SCEC Community Velocity Model 
152,-118.5,34.28,351.9,0.35,3.75,Inferred,CGS/Wills VS30 Map (2015),SCEC Community Velocity Model ,SCEC Community Velocity Model 
153,-118.5,34.28,351.9,0.35,3.75,Inferred,CGS/Wills VS30 Map (2015),SCEC Community Velocity Model ,SCEC Community Velocity Model 
154,-118.5,34.28,351.9,0.35,3.75,Inferred,CGS/Wills VS30 Map (2015),SCEC Community Velocity Model ,SCEC Community Velocity Model 
155,-118.5,34.28,351.9,0.35,3.75,Inferred,CGS/Wills VS30 Map (2015),SCEC Community Velocity Model ,SCEC Community Velocity Model 
156,-118.5,34.28,351.9,0.35,3.75,Inferred,CGS/Wills VS30 Map (2015),SCEC Community Velocity Model ,SCEC Community Velocity Model 
157,-118.5,34.28,351.9,0.35,3.75,Inferred,CGS/Wills VS30 Map (2015),SCEC Community Velocity Model ,SCEC Community Velocity Model 
158,-118.5,34.28,351.9,0.35,3.75,Inferred,CGS/Wills VS30 Map (2015),SCEC Community Velocity Model ,SCEC Community Velocity Model 
159,-118.5,34.28,351.9,0.35,3.75,Inferred,CGS/Wills VS30 Map (2015),SCEC Community Velocity Model ,SCEC Community Velocity Model 
160,-118.5,34.28,351.9,0.35,3.75,Inferred,CGS/Wills VS30 Map (2015),SCEC Community Velocity Model ,SCEC Community Velocity Model 
161,-118.5,34.28,351.9,0.35,3.75,Inferred,CGS/Wills VS30 Map (2015),SCEC Community Velocity Model ,SCEC Community Velocity Model 
162,-118.5,34.28,351.9,0.35,3.75,Inferred,CGS/Wills VS30 Map (2015),SCEC Community Velocity Model ,SCEC Community Velocity Model 
163,-118.5,34.28,351.9,0.35,3.75,Inferred,CGS/Wills VS30 Map (2015),SCEC Community Velocity Model ,SCEC Community Velocity Model 
164,-118.5,34.28,351.9,0.35,3.75,Inferred,CGS/Wills VS30 Map (2015),SCEC Community Velocity Model ,SCEC Community Velocity Model 
165,-118.5,34.28,351.9,0.35,3.75,Inferred,CGS/Wills VS30 Map (2015),SCEC Community Velocity Model ,SCEC Community Velocity Model 
166,-118.5,34.28,351.9,0.35,3.75,Inferred,CGS/Wills VS30 Map (2015),SCEC Community Velocity Model ,SCEC Community Velocity Model 
167,-118.5,34.28,351.9,0.35,3.75,Inferred,CGS/Wills VS30 Map (2015),SCEC Community Velocity Model ,SCEC Community Velocity Model 
168,-118.5,34.28,351.9,0.35,3.75,Inferred,CGS/Wills VS30 Map (2015),SCEC Community Velocity Model ,SCEC Community Velocity Model 
169,-118.5,34.28,351.9,0.35,3.75,Inferred,CGS/Wills VS30 Map (2015),SCEC Community Velocity Model ,SCEC Community Velocity Model 
170,-118.5,34.28,351.9,0.35,3.75,Inferred,CGS/Wills VS30 Map (2015),SCEC Community Velocity Model ,SCEC Community Velocity Model 
171,-118.5,34.28,351.9,0.35,3.75,Inferred,CGS/Wills VS30 Map (2015),SCEC Community Velocity Model ,SCEC Community Velocity Model 
172,-118.5,34.28,351.9,0.35,3.75,Inferred,CGS/Wills VS30 Map (2015),SCEC Community Velocity Model ,SCEC Community Velocity Model 
173,-118.5,34.28,351.9,0.35,3.75,Inferred,CGS/Wills VS30 Map (2015),SCEC Community Velocity Model ,SCEC Community Velocity Model 
174,-118.5,34.28,351.9,0.35,3.75,Inferred,CGS/Wills VS30 Map (2015),SCEC Community Velocity Model ,SCEC Community Velocity Model 
175,-118.5,34.28,351.9,0.35,3.75,Inferred,CGS/Wills VS30 Map (2015),SCEC Community Velocity Model ,SCEC Community Velocity Model 
176,-118.5,34.28,351.9,0.35,3.75,Inferred,CGS/Wills VS30 Map (2015),SCEC Community Velocity Model ,SCEC Community Velocity Model 
177,-118.5,34.28,351.9,0.35,3.75,Inferred,CGS/Wills VS30 Map (2015),SCEC Community Velocity Model ,SCEC Community Velocity Model 
178,-118.5,34.28,351.9,0.35,3.75,Inferred,CGS/Wills VS30 Map (2015),SCEC Community Velocity Model ,SCEC Community Velocity Model 
179,-118.5,34.28,351.9,0.35,3.75,Inferred,CGS/Wills VS30 Map (2015),SCEC Community Velocity Model ,SCEC Community Velocity Model 
180,-118.5,34.28,351.9,0.35,3.75,Inferred,CGS/Wills VS30 Map (2015),SCEC Community Velocity Model ,SCEC Community Velocity Model 
181,-118.5,34.28,351.9,0.35,3.75,Inferred,CGS/Wills VS30 Map (2015),SCEC Community Velocity Model ,SCEC Community Velocity Model 
182,-118.5,34.28,351.9,0.35,3.75,Inferred,CGS/Wills VS30 Map (2015),SCEC Community Velocity Model ,SCEC Community Velocity Model 
183,-118.5,34.28,351.9,0.35,3.75,Inferred,CGS/Wills VS30 Map (2015),SCEC Community Velocity Model ,SCEC Community Velocity Model 
184,-118.5,34.28,351.9,0.35,3.75,Inferred,CGS/Wills VS30 Map (2015),SCEC Community Velocity Model ,SCEC Community Velocity Model 
185,-118.5,34.28,351.9,0.35,3.75,Inferred,CGS/Wills VS30 Map (2015),SCEC Community Velocity Model ,SCEC Community Velocity Model 
186,-118.5,34.28,351.9,0.35,3.75,Inferred,CGS/Wills VS30 Map (2015),SCEC Community Velocity Model ,SCEC Community Velocity Model 
187,-118.5,34.28,351.9,0.35,3.75,Inferred,CGS/Wills VS30 Map (2015),SCEC Community Velocity Model ,SCEC Community Velocity Model 
188,-118.5,34.28,351.9,0.35,3.75,Inferred,CGS/Wills VS30 Map (2015),SCEC Community Velocity Model ,SCEC Community Velocity Model 
189,-118.5,34.28,351.9,0.35,3.75,Inferred,CGS/Wills VS30 Map (2015),SCEC Community Velocity Model ,SCEC Community Velocity Model 
190,-118.5,34.28,351.9,0.35,3.75,Inferred,CGS/Wills VS30 Map (2015),SCEC Community Velocity Model ,SCEC Community Velocity Model 
191,-118.5,34.28,351.9,0.35,3.75,Inferred,CGS/Wills VS30 Map (2015),SCEC Community Velocity Model ,SCEC Community Velocity Model 
192,-118.5,34.28,351.9,0.35,3.75,Inferred,CGS/Wills VS30 Map (2015),SCEC Community Velocity Model ,SCEC Community Velocity Model 
193,-118.5,34.28,351.9,0.35,3.75,Inferred,CGS/Wills VS30 Map (2015),SCEC Community Velocity Model ,SCEC Community Velocity Model 
194,-118.5,34.28,351.9,0.35,3.75,Inferred,CGS/Wills VS30 Map (2015),SCEC Community Velocity Model ,SCEC Community Velocity Model 
195,-118.5,34.28,351.9,0.35,3.75,Inferred,CGS/Wills VS30 Map (2015),SCEC Community Velocity Model ,SCEC Community Velocity Model 
196,-118.5,34.28,351.9,0.35,3.75,Inferred,CGS/Wills VS30 Map (2015),SCEC Community Velocity Model ,SCEC Community Velocity Model 
197,-118.5,34.28,351.9,0.35,3.75,Inferred,CGS/Wills VS30 Map (2015),SCEC Community Velocity Model ,SCEC Community Velocity Model 
198,-118.5,34.28,351.9,0.35,3.75,Inferred,CGS/Wills VS30 Map (2015),SCEC Community Velocity Model ,SCEC Community Velocity Model 
199,-118.5,34.28,351.9,0.35,3.75,Inferred,CGS/Wills VS30 Map (2015),SCEC Community Velocity Model ,SCEC Community Velocity Model 
200,-118.5,34.28,351.9,0.35,3.75,Inferred,CGS/Wills VS30 Map (2015),SCEC Community Velocity Model ,SCEC Community Velocity Model 
201,-118.5,34.28,351.9,0.35,3.75,Inferred,CGS/Wills VS30 Map (2015),SCEC Community Velocity Model ,SCEC Community Velocity Model 
202,-118.5,34.28,351.9,0.35,3.75,Inferred,CGS/Wills VS30 Map (2015),SCEC Community Velocity Model ,SCEC Community Velocity Model 
203,-118.5,34.28,351.9,0.35,3.75,Inferred,CGS/Wills VS30 Map (2015),SCEC Community Velocity Model ,SCEC Community Velocity Model 
204,-118.5,34.28,351.9,0.35,3.75,Inferred,CGS/Wills VS30 Map (2015),SCEC Community Velocity Model ,SCEC Community Velocity Model 
205,-118.5,34.28,351.9,0.35,3.75,Inferred,CGS/Wills VS30 Map (2015),SCEC Community Velocity Model ,SCEC Community Velocity Model 
206,-118.5,34.28,351.9,0.35,3.75,Inferred,CGS/Wills VS30 Map (2015),SCEC Community Velocity Model ,SCEC Community Velocity Model 
207,-118.5,34.28,351.9,0.35,3.75,Inferred,CGS/Wills VS30 Map (2015),SCEC Community Velocity Model ,SCEC Community Velocity Model 
208,-118.5,34.28,351.9,0.35,3.75,Inferred,CGS/Wills VS30 Map (2015),SCEC Community Velocity Model ,SCEC Community Velocity Model 
209,-118.5,34.28,351.9,0.35,3.75,Inferred,CGS/Wills VS30 Map (2015),SCEC Community Velocity Model ,SCEC Community Velocity Model 
210,-118.5,34.28,351.9,0.35,3.75,Inferred,CGS/Wills VS30 Map (2015),SCEC Community Velocity Model ,SCEC Community Velocity Model 
211,-118.5,34.28,351.9,0.35,3.75,Inferred,CGS/Wills VS30 Map (2015),SCEC Community Velocity Model ,SCEC Community Velocity Model 
212,-118.5,34.28,351.9,0.35,3.75,Inferred,CGS/Wills VS30 Map (2015),SCEC Community Velocity Model ,SCEC Community Velocity Model 
213,-118.5,34.28,351.9,0.35,3.75,Inferred,CGS/Wills VS30 Map (2015),SCEC Community Velocity Model ,SCEC Community Velocity Model 
214,-118.5,34.28,351.9,0.35,3.75,Inferred,CGS/Wills VS30 Map (2015),SCEC Community Velocity Model ,SCEC Community Velocity Model 
215,-118.5,34.28,351.9,0.35,3.75,Inferred,CGS/Wills VS30 Map (2015),SCEC Community Velocity Model ,SCEC Community Velocity Model 
216,-118.5,34.28,351.9,0.35,3.75,Inferred,CGS/Wills VS30 Map (2015),SCEC Community Velocity Model ,SCEC Community Velocity Model 
217,-118.5,34.28,351.9,0.35,3.75,Inferred,CGS/Wills VS30 Map (2015),SCEC Community Velocity Model ,SCEC Community Velocity Model 
218,-118.5,34.28,351.9,0.35,3.75,Inferred,CGS/Wills VS30 Map (2015),SCEC Community Velocity Model ,SCEC Community Velocity Model 
219,-118.5,34.28,351.9,0.35,3.75,Inferred,CGS/Wills VS30 Map (2015),SCEC Community Velocity Model ,SCEC Community Velocity Model 
220,-118.5,34.28,351.9,0.35,3.75,Inferred,CGS/Wills VS30 Map (2015),SCEC Community Velocity Model ,SCEC Community Velocity Model 
221,-118.5,34.28,351.9,0.35,3.75,Inferred,CGS/Wills VS30 Map (2015),SCEC Community Velocity Model ,SCEC Community Velocity Model 
222,-118.5,34.28,351.9,0.35,3.75,Inferred,CGS/Wills VS30 Map (2015),SCEC Community Velocity Model ,SCEC Community Velocity Model 
223,-118.5,34.28,351.9,0.35,3.75,Inferred,CGS/Wills VS30 Map (2015),SCEC Community Velocity Model ,SCEC Community Velocity Model 
224,-118.5,34.28,351.9,0.35,3.75,Inferred,CGS/Wills VS30 Map (2015),SCEC Community Velocity Model ,SCEC Community Velocity Model 
225,-118.5,34.28,351.9,0.35,3.75,Inferred,CGS/Wills VS30 Map (2015),SCEC Community Velocity Model ,SCEC Community Velocity Model 
226,-118.5,34.28,351.9,0.35,3.75,Inferred,CGS/Wills VS30 Map (2015),SCEC Community Velocity Model ,SCEC Community Velocity Model 
227,-118.5,34.28,351.9,0.35,3.75,Inferred,CGS/Wills VS30 Map (2015),SCEC Community Velocity Model ,SCEC Community Velocity Model 
228,-118.5,34.28,351.9,0.35,3.75,Inferred,CGS/Wills VS30 Map (2015),SCEC Community Velocity Model ,SCEC Community Velocity Model 
229,-118.5,34.28,351.9,0.35,3.75,Inferred,CGS/Wills VS30 Map (2015),SCEC Community Velocity Model ,SCEC Community Velocity Model 
230,-118.5,34.28,351.9,0.35,3.75,Inferred,CGS/Wills VS30 Map (2015),SCEC Community Velocity Model ,SCEC Community Velocity Model 
231,-118.5,34.28,351.9,0.35,3.75,Inferred,CGS/Wills VS30 Map (2015),SCEC Community Velocity Model ,SCEC Community Velocity Model 
232,-118.5,34.28,351.9,0.35,3.75,Inferred,CGS/Wills VS30 Map (2015),SCEC Community Velocity Model ,SCEC Community Velocity Model 
233,-118.5,34.28,351.9,0.35,3.75,Inferred,CGS/Wills VS30 Map (2015),SCEC Community Velocity Model ,SCEC Community Velocity Model 
234,-118.5,34.28,351.9,0.35,3.75,Inferred,CGS/Wills VS30 Map (2015),SCEC Community Velocity Model ,SCEC Community Velocity Model 
235,-118.5,34.28,351.9,0.35,3.75,Inferred,CGS/Wills VS30 Map (2015),SCEC Community Velocity Model ,SCEC Community Velocity Model 
236,-118.5,34.28,351.9,0.35,3.75,Inferred,CGS/Wills VS30 Map (2015),SCEC Community Velocity Model ,SCEC Community Velocity Model 
237,-118.5,34.28,351.9,0.35,3.75,Inferred,CGS/Wills VS30 Map (2015),SCEC Community Velocity Model ,SCEC Community Velocity Model 
238,-118.5,34.28,351.9,0.35,3.75,Inferred,CGS/Wills VS30 Map (2015),SCEC Community Velocity Model ,SCEC Community Velocity Model 
239,-118.5,34.28,351.9,0.35,3.75,Inferred,CGS/Wills VS30 Map (2015),SCEC Community Velocity Model ,SCEC Community Velocity Model 
240,-118.5,34.28,351.9,0.35,3.75,Inferred,CGS/Wills VS30 Map (2015),SCEC Community Velocity Model ,SCEC Community Velocity Model 
241,-118.5,34.28,351.9,0.35,3.75,Inferred,CGS/Wills VS30 Map (2015),SCEC Community Velocity Model ,SCEC Community Velocity Model 
242,-118.5,34.28,351.9,0.35,3.75,Inferred,CGS/Wills VS30 Map (2015),SCEC Community Velocity Model ,SCEC Community Velocity Model 
243,-118.5,34.28,351.9,0.35,3.75,Inferred,CGS/Wills VS30 Map (2015),SCEC Community Velocity Model ,SCEC Community Velocity Model 
244,-118.5,34.28,351.9,0.35,3.75,Inferred,CGS/Wills VS30 Map (2015),SCEC Community Velocity Model ,SCEC Community Velocity Model 
